date,VIX
1/4/2010,20.04000092
1/5/2010,19.35000038
1/6/2010,19.15999985
1/7/2010,19.05999947
1/8/2010,18.12999916
1/11/2010,17.54999924
1/12/2010,18.25
1/13/2010,17.85000038
1/14/2010,17.62999916
1/15/2010,17.90999985
1/19/2010,17.57999992
1/20/2010,18.68000031
1/21/2010,22.27000046
1/22/2010,27.30999947
1/25/2010,25.40999985
1/26/2010,24.54999924
1/27/2010,23.13999939
1/28/2010,23.72999954
1/29/2010,24.62000084
2/1/2010,22.59000015
2/2/2010,21.47999954
2/3/2010,21.60000038
2/4/2010,26.07999992
2/5/2010,26.11000061
2/8/2010,26.51000023
2/9/2010,26
2/10/2010,25.39999962
2/11/2010,23.95999908
2/12/2010,22.72999954
2/16/2010,22.25
2/17/2010,21.71999931
2/18/2010,20.62999916
2/19/2010,20.02000046
2/22/2010,19.94000053
2/23/2010,21.37000084
2/24/2010,20.27000046
2/25/2010,20.10000038
2/26/2010,19.5
3/1/2010,19.26000023
3/2/2010,19.05999947
3/3/2010,18.82999992
3/4/2010,18.71999931
3/5/2010,17.42000008
3/8/2010,17.79000092
3/9/2010,17.92000008
3/10/2010,18.56999969
3/11/2010,18.05999947
3/12/2010,17.57999992
3/15/2010,18
3/16/2010,17.69000053
3/17/2010,16.90999985
3/18/2010,16.62000084
3/19/2010,16.96999931
3/22/2010,16.87000084
3/23/2010,16.35000038
3/24/2010,17.54999924
3/25/2010,18.39999962
3/26/2010,17.77000046
3/29/2010,17.59000015
3/30/2010,17.12999916
3/31/2010,17.59000015
4/1/2010,17.46999931
4/5/2010,17.02000046
4/6/2010,16.22999954
4/7/2010,16.62000084
4/8/2010,16.47999954
4/9/2010,16.13999939
4/12/2010,15.57999992
4/13/2010,16.20000076
4/14/2010,15.59000015
4/15/2010,15.89000034
4/16/2010,18.36000061
4/19/2010,17.34000015
4/20/2010,15.72999954
4/21/2010,16.31999969
4/22/2010,16.46999931
4/23/2010,16.62000084
4/26/2010,17.46999931
4/27/2010,22.80999947
4/28/2010,21.07999992
4/29/2010,18.44000053
4/30/2010,22.04999924
5/3/2010,20.19000053
5/4/2010,23.84000015
5/5/2010,24.90999985
5/6/2010,32.79999924
5/7/2010,40.95000076
5/10/2010,28.84000015
5/11/2010,28.31999969
5/12/2010,25.52000046
5/13/2010,26.68000031
5/14/2010,31.23999977
5/17/2010,30.84000015
5/18/2010,33.54999924
5/19/2010,35.31999969
5/20/2010,45.79000092
5/21/2010,40.09999847
5/24/2010,38.31999969
5/25/2010,34.61000061
5/26/2010,35.02000046
5/27/2010,29.68000031
5/28/2010,32.06999969
6/1/2010,35.54000092
6/2/2010,30.17000008
6/3/2010,29.45999908
6/4/2010,35.47999954
6/7/2010,36.56999969
6/8/2010,33.70000076
6/9/2010,33.72999954
6/10/2010,30.56999969
6/11/2010,28.79000092
6/14/2010,28.57999992
6/15/2010,25.87000084
6/16/2010,25.92000008
6/17/2010,25.04999924
6/18/2010,23.95000076
6/21/2010,24.87999916
6/22/2010,27.04999924
6/23/2010,26.90999985
6/24/2010,29.73999977
6/25/2010,28.53000069
6/28/2010,29
6/29/2010,34.13000107
6/30/2010,34.54000092
7/1/2010,32.86000061
7/2/2010,30.12000084
7/6/2010,29.64999962
7/7/2010,26.84000015
7/8/2010,25.70999908
7/9/2010,24.97999954
7/12/2010,24.43000031
7/13/2010,24.55999947
7/14/2010,24.88999939
7/15/2010,25.13999939
7/16/2010,26.25
7/19/2010,25.96999931
7/20/2010,23.93000031
7/21/2010,25.63999939
7/22/2010,24.62999916
7/23/2010,23.46999931
7/26/2010,22.72999954
7/27/2010,23.19000053
7/28/2010,24.25
7/29/2010,24.12999916
7/30/2010,23.5
8/2/2010,22.01000023
8/3/2010,22.62999916
8/4/2010,22.20999908
8/5/2010,22.10000038
8/6/2010,21.73999977
8/9/2010,22.13999939
8/10/2010,22.37000084
8/11/2010,25.38999939
8/12/2010,25.72999954
8/13/2010,26.23999977
8/16/2010,26.10000038
8/17/2010,24.32999992
8/18/2010,24.59000015
8/19/2010,26.44000053
8/20/2010,25.48999977
8/23/2010,25.65999985
8/24/2010,27.45999908
8/25/2010,26.70000076
8/26/2010,27.37000084
8/27/2010,24.45000076
8/30/2010,27.20999908
8/31/2010,26.04999924
9/1/2010,23.88999939
9/2/2010,23.19000053
9/3/2010,21.30999947
9/7/2010,23.79999924
9/8/2010,23.25
9/9/2010,22.80999947
9/10/2010,21.98999977
9/13/2010,21.20999908
9/14/2010,21.55999947
9/15/2010,22.10000038
9/16/2010,21.71999931
9/17/2010,22.01000023
9/20/2010,21.5
9/21/2010,22.35000038
9/22/2010,22.51000023
9/23/2010,23.87000084
9/24/2010,21.70999908
9/27/2010,22.54000092
9/28/2010,22.60000038
9/29/2010,23.25
9/30/2010,23.70000076
10/1/2010,22.5
10/4/2010,23.53000069
10/5/2010,21.76000023
10/6/2010,21.48999977
10/7/2010,21.55999947
10/8/2010,20.70999908
10/12/2010,18.93000031
10/13/2010,19.06999969
10/14/2010,19.87999916
10/15/2010,19.03000069
10/18/2010,19.09000015
10/19/2010,20.62999916
10/20/2010,19.79000092
10/21/2010,19.27000046
10/22/2010,18.78000069
10/25/2010,19.85000038
10/26/2010,20.21999931
10/27/2010,20.70999908
10/28/2010,20.87999916
10/29/2010,21.20000076
11/1/2010,21.82999992
11/2/2010,21.56999969
11/3/2010,19.55999947
11/4/2010,18.52000046
11/5/2010,18.26000023
11/8/2010,18.29000092
11/9/2010,19.07999992
11/10/2010,18.46999931
11/12/2010,20.61000061
11/15/2010,20.20000076
11/16/2010,22.57999992
11/17/2010,21.76000023
11/18/2010,18.75
11/19/2010,18.04000092
11/22/2010,18.37000084
11/23/2010,20.62999916
11/24/2010,19.55999947
11/26/2010,22.21999931
11/29/2010,21.53000069
11/30/2010,23.54000092
12/1/2010,21.36000061
12/2/2010,19.38999939
12/3/2010,18.01000023
12/6/2010,18.02000046
12/7/2010,17.98999977
12/8/2010,17.73999977
12/9/2010,17.25
12/10/2010,17.61000061
12/13/2010,17.54999924
12/14/2010,17.61000061
12/15/2010,17.94000053
12/16/2010,17.38999939
12/17/2010,16.11000061
12/20/2010,16.40999985
12/21/2010,16.48999977
12/22/2010,15.44999981
12/23/2010,16.46999931
12/27/2010,17.67000008
12/28/2010,17.52000046
12/29/2010,17.28000069
12/30/2010,17.52000046
12/31/2010,17.75
1/3/2011,17.61000061
1/4/2011,17.37999916
1/5/2011,17.02000046
1/6/2011,17.39999962
1/7/2011,17.13999939
1/10/2011,17.54000092
1/11/2011,16.88999939
1/12/2011,16.23999977
1/13/2011,16.38999939
1/14/2011,15.46000004
1/18/2011,15.86999989
1/19/2011,17.30999947
1/20/2011,17.98999977
1/21/2011,18.46999931
1/24/2011,17.64999962
1/25/2011,17.59000015
1/26/2011,16.63999939
1/27/2011,16.14999962
1/28/2011,20.04000092
1/31/2011,19.53000069
2/1/2011,17.62999916
2/2/2011,17.29999924
2/3/2011,16.69000053
2/4/2011,15.93000031
2/7/2011,16.28000069
2/8/2011,15.81000042
2/9/2011,15.86999989
2/10/2011,16.09000015
2/11/2011,15.68999958
2/14/2011,15.94999981
2/15/2011,16.37000084
2/16/2011,16.71999931
2/17/2011,16.59000015
2/18/2011,16.43000031
2/22/2011,20.79999924
2/23/2011,22.12999916
2/24/2011,21.31999969
2/25/2011,19.21999931
2/28/2011,18.35000038
3/1/2011,21.01000023
3/2/2011,20.70000076
3/3/2011,18.60000038
3/4/2011,19.05999947
3/7/2011,20.65999985
3/8/2011,19.81999969
3/9/2011,20.21999931
3/10/2011,21.87999916
3/11/2011,20.07999992
3/14/2011,21.12999916
3/15/2011,24.31999969
3/16/2011,29.39999962
3/17/2011,26.37000084
3/18/2011,24.44000053
3/21/2011,20.61000061
3/22/2011,20.20999908
3/23/2011,19.17000008
3/24/2011,18
3/25/2011,17.90999985
3/28/2011,19.44000053
3/29/2011,18.15999985
3/30/2011,17.70999908
3/31/2011,17.73999977
4/1/2011,17.39999962
4/4/2011,17.5
4/5/2011,17.25
4/6/2011,16.89999962
4/7/2011,17.11000061
4/8/2011,17.87000084
4/11/2011,16.59000015
4/12/2011,17.09000015
4/13/2011,16.92000008
4/14/2011,16.27000046
4/15/2011,15.31999969
4/18/2011,16.95999908
4/19/2011,15.82999992
4/20/2011,15.06999969
4/21/2011,14.68999958
4/25/2011,15.77000046
4/26/2011,15.61999989
4/27/2011,15.35000038
4/28/2011,14.61999989
4/29/2011,14.75
5/2/2011,15.98999977
5/3/2011,16.70000076
5/4/2011,17.07999992
5/5/2011,18.20000076
5/6/2011,18.39999962
5/9/2011,17.15999985
5/10/2011,15.90999985
5/11/2011,16.95000076
5/12/2011,16.03000069
5/13/2011,17.06999969
5/16/2011,18.23999977
5/17/2011,17.54999924
5/18/2011,16.22999954
5/19/2011,15.52000046
5/20/2011,17.43000031
5/23/2011,18.27000046
5/24/2011,17.81999969
5/25/2011,17.06999969
5/26/2011,16.09000015
5/27/2011,15.97999954
5/31/2011,15.44999981
6/1/2011,18.29999924
6/2/2011,18.09000015
6/3/2011,17.95000076
6/6/2011,18.48999977
6/7/2011,18.06999969
6/8/2011,18.79000092
6/9/2011,17.77000046
6/10/2011,18.86000061
6/13/2011,19.61000061
6/14/2011,18.26000023
6/15/2011,21.31999969
6/16/2011,22.72999954
6/17/2011,21.85000038
6/20/2011,19.98999977
6/21/2011,18.86000061
6/22/2011,18.52000046
6/23/2011,19.29000092
6/24/2011,21.10000038
6/27/2011,20.55999947
6/28/2011,19.17000008
6/29/2011,17.27000046
6/30/2011,16.52000046
7/1/2011,15.86999989
7/5/2011,16.05999947
7/6/2011,16.34000015
7/7/2011,15.94999981
7/8/2011,15.94999981
7/11/2011,18.38999939
7/12/2011,19.87000084
7/13/2011,19.90999985
7/14/2011,20.79999924
7/15/2011,19.53000069
7/18/2011,20.95000076
7/19/2011,19.20999908
7/20/2011,19.09000015
7/21/2011,17.55999947
7/22/2011,17.52000046
7/25/2011,19.35000038
7/26/2011,20.22999954
7/27/2011,22.97999954
7/28/2011,23.73999977
7/29/2011,25.25
8/1/2011,23.65999985
8/2/2011,24.79000092
8/3/2011,23.37999916
8/4/2011,31.65999985
8/5/2011,32
8/8/2011,48
8/9/2011,35.06000137
8/10/2011,42.99000168
8/11/2011,39
8/12/2011,36.36000061
8/15/2011,31.87000084
8/16/2011,32.84999847
8/17/2011,31.57999992
8/18/2011,42.66999817
8/19/2011,43.04999924
8/22/2011,42.43999863
8/23/2011,36.27000046
8/24/2011,35.90000153
8/25/2011,39.75999832
8/26/2011,35.59000015
8/29/2011,32.27999878
8/30/2011,32.88999939
8/31/2011,31.62000084
9/1/2011,31.81999969
9/2/2011,33.91999817
9/6/2011,37
9/7/2011,33.38000107
9/8/2011,34.31999969
9/9/2011,38.52000046
9/12/2011,38.59000015
9/13/2011,36.90999985
9/14/2011,34.59999847
9/15/2011,31.96999931
9/16/2011,30.97999954
9/19/2011,32.72999954
9/20/2011,32.86000061
9/21/2011,37.31999969
9/22/2011,41.34999847
9/23/2011,41.25
9/26/2011,39.02000046
9/27/2011,37.70999908
9/28/2011,41.08000183
9/29/2011,38.84000015
9/30/2011,42.95999908
10/3/2011,45.45000076
10/4/2011,40.81999969
10/5/2011,37.81000137
10/6/2011,36.27000046
10/7/2011,36.20000076
10/11/2011,32.86000061
10/12/2011,31.26000023
10/13/2011,30.70000076
10/14/2011,28.23999977
10/17/2011,33.38999939
10/18/2011,31.55999947
10/19/2011,34.43999863
10/20/2011,34.77999878
10/21/2011,31.31999969
10/24/2011,29.26000023
10/25/2011,32.22000122
10/26/2011,29.86000061
10/27/2011,25.45999908
10/28/2011,24.53000069
10/31/2011,29.95999908
11/1/2011,34.77000046
11/2/2011,32.74000168
11/3/2011,30.5
11/4/2011,30.15999985
11/7/2011,29.85000038
11/8/2011,27.47999954
11/9/2011,36.15999985
11/10/2011,32.81000137
11/14/2011,31.12999916
11/15/2011,31.21999931
11/16/2011,33.50999832
11/17/2011,34.50999832
11/18/2011,32
11/21/2011,32.90999985
11/22/2011,31.96999931
11/23/2011,33.97999954
11/25/2011,34.47000122
11/28/2011,32.13000107
11/29/2011,30.63999939
11/30/2011,27.79999924
12/1/2011,27.40999985
12/2/2011,27.52000046
12/5/2011,27.84000015
12/6/2011,28.12999916
12/7/2011,28.67000008
12/8/2011,30.59000015
12/9/2011,26.37999916
12/12/2011,25.67000008
12/13/2011,25.40999985
12/14/2011,26.04000092
12/15/2011,25.11000061
12/16/2011,24.29000092
12/19/2011,24.92000008
12/20/2011,23.21999931
12/21/2011,21.43000031
12/22/2011,21.15999985
12/23/2011,20.72999954
12/27/2011,21.90999985
12/28/2011,23.52000046
12/29/2011,22.64999962
12/30/2011,23.39999962
1/3/2012,22.96999931
1/4/2012,22.21999931
1/5/2012,21.47999954
1/6/2012,20.62999916
1/9/2012,21.06999969
1/10/2012,20.69000053
1/11/2012,21.04999924
1/12/2012,20.46999931
1/13/2012,20.90999985
1/17/2012,22.20000076
1/18/2012,20.88999939
1/19/2012,19.87000084
1/20/2012,18.28000069
1/23/2012,18.67000008
1/24/2012,18.90999985
1/25/2012,18.30999947
1/26/2012,18.56999969
1/27/2012,18.53000069
1/30/2012,19.39999962
1/31/2012,19.44000053
2/1/2012,18.54999924
2/2/2012,17.97999954
2/3/2012,17.10000038
2/6/2012,17.76000023
2/7/2012,17.64999962
2/8/2012,18.15999985
2/9/2012,18.62999916
2/10/2012,20.79000092
2/13/2012,19.04000092
2/14/2012,19.54000092
2/15/2012,21.13999939
2/16/2012,19.21999931
2/17/2012,17.78000069
2/21/2012,18.19000053
2/22/2012,18.19000053
2/23/2012,16.79999924
2/24/2012,17.30999947
2/27/2012,18.19000053
2/28/2012,17.95999908
2/29/2012,18.43000031
3/1/2012,17.26000023
3/2/2012,17.29000092
3/5/2012,18.04999924
3/6/2012,20.87000084
3/7/2012,19.06999969
3/8/2012,17.95000076
3/9/2012,17.11000061
3/12/2012,15.64000034
3/13/2012,14.80000019
3/14/2012,15.31000042
3/15/2012,15.42000008
3/16/2012,14.47000027
3/19/2012,15.03999996
3/20/2012,15.57999992
3/21/2012,15.13000011
3/22/2012,15.56999969
3/23/2012,14.81999969
3/26/2012,14.26000023
3/27/2012,15.59000015
3/28/2012,15.47000027
3/29/2012,15.47999954
3/30/2012,15.5
4/2/2012,15.64000034
4/3/2012,15.65999985
4/4/2012,16.44000053
4/5/2012,16.70000076
4/9/2012,18.80999947
4/10/2012,20.38999939
4/11/2012,20.02000046
4/12/2012,17.20000076
4/13/2012,19.54999924
4/16/2012,19.54999924
4/17/2012,18.45999908
4/18/2012,18.63999939
4/19/2012,18.36000061
4/20/2012,17.44000053
4/23/2012,18.96999931
4/24/2012,18.10000038
4/25/2012,16.81999969
4/26/2012,16.23999977
4/27/2012,16.31999969
4/30/2012,17.14999962
5/1/2012,16.60000038
5/2/2012,16.87999916
5/3/2012,17.55999947
5/4/2012,19.15999985
5/7/2012,18.94000053
5/8/2012,19.04999924
5/9/2012,20.07999992
5/10/2012,18.82999992
5/11/2012,19.88999939
5/14/2012,21.87000084
5/15/2012,21.96999931
5/16/2012,22.27000046
5/17/2012,24.48999977
5/18/2012,25.10000038
5/21/2012,22.01000023
5/22/2012,22.47999954
5/23/2012,22.32999992
5/24/2012,21.54000092
5/25/2012,21.76000023
5/29/2012,21.03000069
5/30/2012,24.13999939
5/31/2012,24.05999947
6/1/2012,26.65999985
6/4/2012,26.12000084
6/5/2012,24.68000031
6/6/2012,22.15999985
6/7/2012,21.71999931
6/8/2012,21.22999954
6/11/2012,23.55999947
6/12/2012,22.09000015
6/13/2012,24.27000046
6/14/2012,21.68000031
6/15/2012,21.11000061
6/18/2012,18.31999969
6/19/2012,18.37999916
6/20/2012,17.23999977
6/21/2012,20.07999992
6/22/2012,18.11000061
6/25/2012,20.37999916
6/26/2012,19.71999931
6/27/2012,19.45000076
6/28/2012,19.70999908
6/29/2012,17.07999992
7/2/2012,16.79999924
7/3/2012,16.65999985
7/5/2012,17.5
7/6/2012,17.10000038
7/9/2012,17.97999954
7/10/2012,18.71999931
7/11/2012,17.95000076
7/12/2012,18.32999992
7/13/2012,16.73999977
7/16/2012,17.11000061
7/17/2012,16.47999954
7/18/2012,16.15999985
7/19/2012,15.44999981
7/20/2012,16.27000046
7/23/2012,18.62000084
7/24/2012,20.46999931
7/25/2012,19.34000015
7/26/2012,17.53000069
7/27/2012,16.70000076
7/30/2012,18.03000069
7/31/2012,18.93000031
8/1/2012,18.95999908
8/2/2012,17.56999969
8/3/2012,15.64000034
8/6/2012,15.94999981
8/7/2012,15.98999977
8/8/2012,15.31999969
8/9/2012,15.27999973
8/10/2012,14.73999977
8/13/2012,13.69999981
8/14/2012,14.85000038
8/15/2012,14.63000011
8/16/2012,14.28999996
8/17/2012,13.44999981
8/20/2012,14.02000046
8/21/2012,15.02000046
8/22/2012,15.10999966
8/23/2012,15.96000004
8/24/2012,15.18000031
8/27/2012,16.35000038
8/28/2012,16.48999977
8/29/2012,17.05999947
8/30/2012,17.82999992
8/31/2012,17.46999931
9/4/2012,17.97999954
9/5/2012,17.73999977
9/6/2012,15.60000038
9/7/2012,14.38000011
9/10/2012,16.28000069
9/11/2012,16.40999985
9/12/2012,15.80000019
9/13/2012,14.05000019
9/14/2012,14.51000023
9/17/2012,14.59000015
9/18/2012,14.18000031
9/19/2012,13.88000011
9/20/2012,14.06999969
9/21/2012,13.97999954
9/24/2012,14.14999962
9/25/2012,15.43000031
9/26/2012,16.80999947
9/27/2012,14.84000015
9/28/2012,15.72999954
10/1/2012,16.31999969
10/2/2012,15.71000004
10/3/2012,15.43000031
10/4/2012,14.55000019
10/5/2012,14.32999992
10/9/2012,16.37000084
10/10/2012,16.29000092
10/11/2012,15.59000015
10/12/2012,16.13999939
10/15/2012,15.27000046
10/16/2012,15.22000027
10/17/2012,15.06999969
10/18/2012,15.02999973
10/19/2012,17.05999947
10/22/2012,16.62000084
10/23/2012,18.82999992
10/24/2012,18.32999992
10/25/2012,18.12000084
10/26/2012,17.80999947
10/31/2012,18.60000038
11/1/2012,16.69000053
11/2/2012,17.59000015
11/5/2012,18.42000008
11/6/2012,17.57999992
11/7/2012,19.07999992
11/8/2012,18.48999977
11/9/2012,18.61000061
11/13/2012,16.64999962
11/14/2012,17.92000008
11/15/2012,17.98999977
11/16/2012,16.40999985
11/19/2012,15.23999977
11/20/2012,15.07999992
11/21/2012,15.31000042
11/23/2012,15.14000034
11/26/2012,15.5
11/27/2012,15.92000008
11/28/2012,15.51000023
11/29/2012,15.06000042
11/30/2012,15.86999989
12/3/2012,16.63999939
12/4/2012,17.12000084
12/5/2012,16.45999908
12/6/2012,16.57999992
12/7/2012,15.89999962
12/10/2012,16.04999924
12/11/2012,15.56999969
12/12/2012,15.94999981
12/13/2012,16.55999947
12/14/2012,17
12/17/2012,16.34000015
12/18/2012,15.56999969
12/19/2012,17.36000061
12/20/2012,17.67000008
12/21/2012,17.84000015
12/24/2012,17.84000015
12/26/2012,19.47999954
12/27/2012,19.46999931
12/28/2012,22.71999931
12/31/2012,18.02000046
1/2/2013,14.68000031
1/3/2013,14.56000042
1/4/2013,13.82999992
1/7/2013,13.78999996
1/8/2013,13.61999989
1/9/2013,13.81000042
1/10/2013,13.48999977
1/11/2013,13.35999966
1/14/2013,13.52000046
1/15/2013,13.55000019
1/16/2013,13.42000008
1/17/2013,13.56999969
1/18/2013,12.46000004
1/22/2013,12.43000031
1/23/2013,12.46000004
1/24/2013,12.68999958
1/25/2013,12.89000034
1/28/2013,13.56999969
1/29/2013,13.31000042
1/30/2013,14.31999969
1/31/2013,14.27999973
2/1/2013,12.89999962
2/4/2013,14.67000008
2/5/2013,13.72000027
2/6/2013,13.40999985
2/7/2013,13.5
2/8/2013,13.02000046
2/11/2013,12.93999958
2/12/2013,12.64000034
2/13/2013,12.97999954
2/14/2013,12.65999985
2/15/2013,12.46000004
2/19/2013,12.31000042
2/20/2013,14.68000031
2/21/2013,15.22000027
2/22/2013,14.17000008
2/25/2013,18.98999977
2/26/2013,16.87000084
2/27/2013,14.72999954
2/28/2013,15.51000023
3/1/2013,15.35999966
3/4/2013,14.01000023
3/5/2013,13.47999954
3/6/2013,13.52999973
3/7/2013,13.06000042
3/8/2013,12.59000015
3/11/2013,11.56000042
3/12/2013,12.27000046
3/13/2013,11.82999992
3/14/2013,11.30000019
3/15/2013,11.30000019
3/18/2013,13.35999966
3/19/2013,14.39000034
3/20/2013,12.67000008
3/21/2013,13.98999977
3/22/2013,13.56999969
3/25/2013,13.73999977
3/26/2013,12.77000046
3/27/2013,13.14999962
3/28/2013,12.69999981
4/1/2013,13.57999992
4/2/2013,12.77999973
4/3/2013,14.21000004
4/4/2013,13.89000034
4/5/2013,13.92000008
4/8/2013,13.18999958
4/9/2013,12.84000015
4/10/2013,12.35999966
4/11/2013,12.23999977
4/12/2013,12.06000042
4/15/2013,17.27000046
4/16/2013,13.96000004
4/17/2013,16.51000023
4/18/2013,17.55999947
4/19/2013,14.97000027
4/22/2013,14.39000034
4/23/2013,13.47999954
4/24/2013,13.60999966
4/25/2013,13.61999989
4/26/2013,13.60999966
4/29/2013,13.71000004
4/30/2013,13.52000046
5/1/2013,14.48999977
5/2/2013,13.59000015
5/3/2013,12.85000038
5/6/2013,12.65999985
5/7/2013,12.82999992
5/8/2013,12.65999985
5/9/2013,13.13000011
5/10/2013,12.59000015
5/13/2013,12.55000019
5/14/2013,12.77000046
5/15/2013,12.81000042
5/16/2013,13.06999969
5/17/2013,12.44999981
5/20/2013,13.02000046
5/21/2013,13.36999989
5/22/2013,13.81999969
5/23/2013,14.06999969
5/24/2013,13.98999977
5/28/2013,14.47999954
5/29/2013,14.82999992
5/30/2013,14.52999973
5/31/2013,16.29999924
6/3/2013,16.28000069
6/4/2013,16.27000046
6/5/2013,17.5
6/6/2013,16.62999916
6/7/2013,15.14000034
6/10/2013,15.43999958
6/11/2013,17.06999969
6/12/2013,18.59000015
6/13/2013,16.40999985
6/14/2013,17.14999962
6/17/2013,16.79999924
6/18/2013,16.61000061
6/19/2013,16.63999939
6/20/2013,20.48999977
6/21/2013,18.89999962
6/24/2013,20.11000061
6/25/2013,18.46999931
6/26/2013,17.20999908
6/27/2013,16.86000061
6/28/2013,16.86000061
7/1/2013,16.37000084
7/2/2013,16.44000053
7/3/2013,16.20000076
7/5/2013,14.89000034
7/8/2013,14.77999973
7/9/2013,14.35000038
7/10/2013,14.21000004
7/11/2013,14.01000023
7/12/2013,13.84000015
7/15/2013,13.78999996
7/16/2013,14.42000008
7/17/2013,13.77999973
7/18/2013,13.77000046
7/19/2013,12.53999996
7/22/2013,12.28999996
7/23/2013,12.65999985
7/24/2013,13.18000031
7/25/2013,12.97000027
7/26/2013,12.72000027
7/29/2013,13.39000034
7/30/2013,13.39000034
7/31/2013,13.44999981
8/1/2013,12.93999958
8/2/2013,11.97999954
8/5/2013,11.84000015
8/6/2013,12.72000027
8/7/2013,12.97999954
8/8/2013,12.72999954
8/9/2013,13.40999985
8/12/2013,12.81000042
8/13/2013,12.31000042
8/14/2013,13.03999996
8/15/2013,14.72999954
8/16/2013,14.36999989
8/19/2013,15.10000038
8/20/2013,14.90999985
8/21/2013,15.93999958
8/22/2013,14.76000023
8/23/2013,13.97999954
8/26/2013,14.98999977
8/27/2013,16.77000046
8/28/2013,16.48999977
8/29/2013,16.80999947
8/30/2013,17.01000023
9/3/2013,16.61000061
9/4/2013,15.88000011
9/5/2013,15.77000046
9/6/2013,15.85000038
9/9/2013,15.63000011
9/10/2013,14.52999973
9/11/2013,13.81999969
9/12/2013,14.28999996
9/13/2013,14.15999985
9/16/2013,14.38000011
9/17/2013,14.52999973
9/18/2013,13.59000015
9/19/2013,13.15999985
9/20/2013,13.11999989
9/23/2013,14.31000042
9/24/2013,14.07999992
9/25/2013,14.01000023
9/26/2013,14.06000042
9/27/2013,15.46000004
9/30/2013,16.60000038
10/1/2013,15.53999996
10/2/2013,16.60000038
10/3/2013,17.67000008
10/4/2013,16.73999977
10/7/2013,19.40999985
10/8/2013,20.34000015
10/9/2013,19.60000038
10/10/2013,16.47999954
10/11/2013,15.72000027
10/15/2013,18.65999985
10/16/2013,14.71000004
10/17/2013,13.47999954
10/18/2013,13.03999996
10/21/2013,13.15999985
10/22/2013,13.32999992
10/23/2013,13.42000008
10/24/2013,13.19999981
10/25/2013,13.09000015
10/28/2013,13.31000042
10/29/2013,13.40999985
10/30/2013,13.64999962
10/31/2013,13.75
11/1/2013,13.27999973
11/4/2013,12.93000031
11/5/2013,13.27000046
11/6/2013,12.67000008
11/7/2013,13.90999985
11/8/2013,12.89999962
11/12/2013,12.81999969
11/13/2013,12.52000046
11/14/2013,12.36999989
11/15/2013,12.18999958
11/18/2013,13.10000038
11/19/2013,13.39000034
11/20/2013,13.39999962
11/21/2013,12.65999985
11/22/2013,12.26000023
11/25/2013,12.78999996
11/26/2013,12.81000042
11/27/2013,12.97999954
11/29/2013,13.69999981
12/2/2013,14.22999954
12/3/2013,14.55000019
12/4/2013,14.69999981
12/5/2013,15.07999992
12/6/2013,13.78999996
12/9/2013,13.48999977
12/10/2013,13.90999985
12/11/2013,15.42000008
12/12/2013,15.53999996
12/13/2013,15.76000023
12/16/2013,16.03000069
12/17/2013,16.20999908
12/18/2013,13.80000019
12/19/2013,14.14999962
12/20/2013,13.78999996
12/23/2013,13.03999996
12/24/2013,12.47999954
12/26/2013,12.32999992
12/27/2013,12.46000004
12/30/2013,13.56000042
12/31/2013,13.72000027
1/2/2014,14.22999954
1/3/2014,13.76000023
1/6/2014,13.55000019
1/7/2014,12.92000008
1/8/2014,12.86999989
1/9/2014,12.89000034
1/10/2014,12.14000034
1/13/2014,13.27999973
1/14/2014,12.27999973
1/15/2014,12.27999973
1/16/2014,12.52999973
1/17/2014,12.43999958
1/21/2014,12.86999989
1/22/2014,12.84000015
1/23/2014,13.77000046
1/24/2014,18.13999939
1/27/2014,17.42000008
1/28/2014,15.80000019
1/29/2014,17.35000038
1/30/2014,17.29000092
1/31/2014,18.40999985
2/3/2014,21.44000053
2/4/2014,19.11000061
2/5/2014,19.95000076
2/6/2014,17.22999954
2/7/2014,15.28999996
2/10/2014,15.26000023
2/11/2014,14.51000023
2/12/2014,14.30000019
2/13/2014,14.14000034
2/14/2014,13.56999969
2/18/2014,13.86999989
2/19/2014,15.5
2/20/2014,14.78999996
2/21/2014,14.68000031
2/24/2014,14.22999954
2/25/2014,13.67000008
2/26/2014,14.35000038
2/27/2014,14.03999996
2/28/2014,14
3/3/2014,16
3/4/2014,14.10000038
3/5/2014,13.89000034
3/6/2014,14.21000004
3/7/2014,14.10999966
3/10/2014,14.19999981
3/11/2014,14.80000019
3/12/2014,14.47000027
3/13/2014,16.21999931
3/14/2014,17.81999969
3/17/2014,15.64000034
3/18/2014,14.52000046
3/19/2014,15.11999989
3/20/2014,14.52000046
3/21/2014,15
3/24/2014,15.09000015
3/25/2014,14.02000046
3/26/2014,14.93000031
3/27/2014,14.61999989
3/28/2014,14.40999985
3/31/2014,13.88000011
4/1/2014,13.10000038
4/2/2014,13.09000015
4/3/2014,13.36999989
4/4/2014,13.96000004
4/7/2014,15.56999969
4/8/2014,14.89000034
4/9/2014,13.81999969
4/10/2014,15.89000034
4/11/2014,17.03000069
4/14/2014,16.11000061
4/15/2014,15.60999966
4/16/2014,14.18000031
4/17/2014,13.35999966
4/21/2014,13.25
4/22/2014,13.18999958
4/23/2014,13.27000046
4/24/2014,13.31999969
4/25/2014,14.06000042
4/28/2014,13.97000027
4/29/2014,13.71000004
4/30/2014,13.40999985
5/1/2014,13.25
5/2/2014,12.90999985
5/5/2014,13.28999996
5/6/2014,13.80000019
5/7/2014,13.39999962
5/8/2014,13.43000031
5/9/2014,12.92000008
5/12/2014,12.22999954
5/13/2014,12.13000011
5/14/2014,12.17000008
5/15/2014,13.17000008
5/16/2014,12.43999958
5/19/2014,12.42000008
5/20/2014,12.96000004
5/21/2014,11.90999985
5/22/2014,12.02999973
5/23/2014,11.35999966
5/27/2014,11.51000023
5/28/2014,11.68000031
5/29/2014,11.56999969
5/30/2014,11.39999962
6/2/2014,11.57999992
6/3/2014,11.86999989
6/4/2014,12.07999992
6/5/2014,11.68000031
6/6/2014,10.72999954
6/9/2014,11.14999962
6/10/2014,10.98999977
6/11/2014,11.60000038
6/12/2014,12.56000042
6/13/2014,12.18000031
6/16/2014,12.64999962
6/17/2014,12.06000042
6/18/2014,10.60999966
6/19/2014,10.61999989
6/20/2014,10.85000038
6/23/2014,10.97999954
6/24/2014,12.13000011
6/25/2014,11.59000015
6/26/2014,11.63000011
6/27/2014,11.26000023
6/30/2014,11.56999969
7/1/2014,11.14999962
7/2/2014,10.81999969
7/3/2014,10.31999969
7/7/2014,11.32999992
7/8/2014,11.97999954
7/9/2014,11.64999962
7/10/2014,12.59000015
7/11/2014,12.07999992
7/14/2014,11.81999969
7/15/2014,11.96000004
7/16/2014,11
7/17/2014,14.53999996
7/18/2014,12.06000042
7/21/2014,12.81000042
7/22/2014,12.23999977
7/23/2014,11.52000046
7/24/2014,11.84000015
7/25/2014,12.68999958
7/28/2014,12.56000042
7/29/2014,13.27999973
7/30/2014,13.32999992
7/31/2014,16.95000076
8/1/2014,17.03000069
8/4/2014,15.11999989
8/5/2014,16.87000084
8/6/2014,16.37000084
8/7/2014,16.65999985
8/8/2014,15.77000046
8/11/2014,14.22999954
8/12/2014,14.13000011
8/13/2014,12.89999962
8/14/2014,12.42000008
8/15/2014,13.14999962
8/18/2014,12.31999969
8/19/2014,12.21000004
8/20/2014,11.77999973
8/21/2014,11.76000023
8/22/2014,11.47000027
8/25/2014,11.69999981
8/26/2014,11.63000011
8/27/2014,11.77999973
8/28/2014,12.05000019
8/29/2014,12.09000015
9/2/2014,12.25
9/3/2014,12.35999966
9/4/2014,12.64000034
9/5/2014,12.09000015
9/8/2014,12.65999985
9/9/2014,13.5
9/10/2014,12.88000011
9/11/2014,12.80000019
9/12/2014,13.31000042
9/15/2014,14.11999989
9/16/2014,12.72999954
9/17/2014,12.64999962
9/18/2014,12.02999973
9/19/2014,12.10999966
9/22/2014,13.68999958
9/23/2014,14.93000031
9/24/2014,13.27000046
9/25/2014,15.64000034
9/26/2014,14.85000038
9/29/2014,15.97999954
9/30/2014,16.30999947
10/1/2014,16.70999908
10/2/2014,16.15999985
10/3/2014,14.55000019
10/6/2014,15.46000004
10/7/2014,17.20000076
10/8/2014,15.10999966
10/9/2014,18.76000023
10/10/2014,21.23999977
10/14/2014,22.79000092
10/15/2014,25.27000046
10/16/2014,25.20000076
10/17/2014,21.98999977
10/20/2014,18.56999969
10/21/2014,16.07999992
10/22/2014,17.87000084
10/23/2014,16.53000069
10/24/2014,16.11000061
10/27/2014,16.04000092
10/28/2014,14.39000034
10/29/2014,15.14999962
10/30/2014,14.52000046
10/31/2014,14.02999973
11/3/2014,14.72999954
11/4/2014,14.89000034
11/5/2014,14.17000008
11/6/2014,13.67000008
11/7/2014,13.11999989
11/10/2014,12.67000008
11/12/2014,13.02000046
11/13/2014,13.78999996
11/14/2014,13.31000042
11/17/2014,13.98999977
11/18/2014,13.85999966
11/19/2014,13.96000004
11/20/2014,13.57999992
11/21/2014,12.89999962
11/24/2014,12.61999989
11/25/2014,12.25
11/26/2014,12.06999969
11/28/2014,13.32999992
12/1/2014,14.15999985
12/2/2014,12.85000038
12/3/2014,12.5
12/4/2014,12.38000011
12/5/2014,11.89000034
12/8/2014,14.21000004
12/9/2014,15.35000038
12/10/2014,18.53000069
12/11/2014,20.07999992
12/12/2014,21.07999992
12/15/2014,20.42000008
12/16/2014,23.56999969
12/17/2014,19.44000053
12/18/2014,16.80999947
12/19/2014,16.48999977
12/22/2014,15.25
12/23/2014,14.80000019
12/24/2014,14.36999989
12/26/2014,14.5
12/29/2014,15.06000042
12/30/2014,15.92000008
12/31/2014,19.20000076
1/2/2015,17.79000092
1/5/2015,19.92000008
1/6/2015,21.12000084
1/7/2015,19.30999947
1/8/2015,17.01000023
1/9/2015,17.54999924
1/12/2015,19.60000038
1/13/2015,20.55999947
1/14/2015,21.47999954
1/15/2015,22.38999939
1/16/2015,20.95000076
1/20/2015,19.88999939
1/21/2015,18.85000038
1/22/2015,16.39999962
1/23/2015,16.65999985
1/26/2015,15.52000046
1/27/2015,17.21999931
1/28/2015,20.44000053
1/29/2015,18.76000023
1/30/2015,20.96999931
2/2/2015,19.43000031
2/3/2015,17.32999992
2/4/2015,18.32999992
2/5/2015,16.85000038
2/6/2015,17.29000092
2/9/2015,18.54999924
2/10/2015,17.22999954
2/11/2015,16.95999908
2/12/2015,15.34000015
2/13/2015,14.68999958
2/17/2015,15.80000019
2/18/2015,15.44999981
2/19/2015,15.28999996
2/20/2015,14.30000019
2/23/2015,14.56000042
2/24/2015,13.68999958
2/25/2015,13.84000015
2/26/2015,13.90999985
2/27/2015,13.34000015
3/2/2015,13.03999996
3/3/2015,13.85999966
3/4/2015,14.22999954
3/5/2015,14.03999996
3/6/2015,15.19999981
3/9/2015,15.06000042
3/10/2015,16.69000053
3/11/2015,16.87000084
3/12/2015,15.42000008
3/13/2015,16
3/16/2015,15.60999966
3/17/2015,15.65999985
3/18/2015,13.97000027
3/19/2015,14.06999969
3/20/2015,13.02000046
3/23/2015,13.40999985
3/24/2015,13.61999989
3/25/2015,15.43999958
3/26/2015,15.80000019
3/27/2015,15.06999969
3/30/2015,14.51000023
3/31/2015,15.28999996
4/1/2015,15.10999966
4/2/2015,14.67000008
4/6/2015,14.73999977
4/7/2015,14.77999973
4/8/2015,13.97999954
4/9/2015,13.09000015
4/10/2015,12.57999992
4/13/2015,13.93999958
4/14/2015,13.67000008
4/15/2015,12.84000015
4/16/2015,12.60000038
4/17/2015,13.89000034
4/20/2015,13.30000019
4/21/2015,13.25
4/22/2015,12.71000004
4/23/2015,12.47999954
4/24/2015,12.28999996
4/27/2015,13.11999989
4/28/2015,12.40999985
4/29/2015,13.39000034
4/30/2015,14.55000019
5/1/2015,12.69999981
5/4/2015,12.85000038
5/5/2015,14.31000042
5/6/2015,15.14999962
5/7/2015,15.13000011
5/8/2015,12.85999966
5/11/2015,13.85000038
5/12/2015,13.85999966
5/13/2015,13.76000023
5/14/2015,12.73999977
5/15/2015,12.38000011
5/18/2015,12.72999954
5/19/2015,12.85000038
5/20/2015,12.88000011
5/21/2015,12.10999966
5/22/2015,12.13000011
5/26/2015,14.06000042
5/27/2015,13.27000046
5/28/2015,13.31000042
5/29/2015,13.84000015
6/1/2015,13.97000027
6/2/2015,14.23999977
6/3/2015,13.65999985
6/4/2015,14.71000004
6/5/2015,14.21000004
6/8/2015,15.28999996
6/9/2015,14.47000027
6/10/2015,13.22000027
6/11/2015,12.85000038
6/12/2015,13.77999973
6/15/2015,15.39000034
6/16/2015,14.81000042
6/17/2015,14.5
6/18/2015,13.18999958
6/19/2015,13.96000004
6/22/2015,12.73999977
6/23/2015,12.10999966
6/24/2015,13.26000023
6/25/2015,14.01000023
6/26/2015,14.02000046
6/29/2015,18.85000038
6/30/2015,18.22999954
7/1/2015,16.09000015
7/2/2015,16.79000092
7/6/2015,17.01000023
7/7/2015,16.09000015
7/8/2015,19.65999985
7/9/2015,19.96999931
7/10/2015,16.82999992
7/13/2015,13.89999962
7/14/2015,13.36999989
7/15/2015,13.22999954
7/16/2015,12.10999966
7/17/2015,11.94999981
7/20/2015,12.25
7/21/2015,12.22000027
7/22/2015,12.11999989
7/23/2015,12.64000034
7/24/2015,13.73999977
7/27/2015,15.60000038
7/28/2015,13.43999958
7/29/2015,12.5
7/30/2015,12.13000011
7/31/2015,12.11999989
8/3/2015,12.56000042
8/4/2015,13
8/5/2015,12.51000023
8/6/2015,13.77000046
8/7/2015,13.39000034
8/10/2015,12.22999954
8/11/2015,13.71000004
8/12/2015,13.60999966
8/13/2015,13.48999977
8/14/2015,12.82999992
8/17/2015,13.02000046
8/18/2015,13.78999996
8/19/2015,15.25
8/20/2015,19.13999939
8/21/2015,28.03000069
8/24/2015,40.74000168
8/25/2015,36.02000046
8/26/2015,30.31999969
8/27/2015,26.10000038
8/28/2015,26.04999924
8/31/2015,28.43000031
9/1/2015,31.39999962
9/2/2015,26.09000015
9/3/2015,25.61000061
9/4/2015,27.79999924
9/8/2015,24.89999962
9/9/2015,26.22999954
9/10/2015,24.37000084
9/11/2015,23.20000076
9/14/2015,24.25
9/15/2015,22.54000092
9/16/2015,21.35000038
9/17/2015,21.13999939
9/18/2015,22.28000069
9/21/2015,20.13999939
9/22/2015,22.44000053
9/23/2015,22.12999916
9/24/2015,23.46999931
9/25/2015,23.62000084
9/28/2015,27.62999916
9/29/2015,26.82999992
9/30/2015,24.5
10/1/2015,22.54999924
10/2/2015,20.94000053
10/5/2015,19.54000092
10/6/2015,19.39999962
10/7/2015,18.39999962
10/8/2015,17.42000008
10/9/2015,17.07999992
10/13/2015,17.67000008
10/14/2015,18.03000069
10/15/2015,16.04999924
10/16/2015,15.05000019
10/19/2015,14.97999954
10/20/2015,15.75
10/21/2015,16.70000076
10/22/2015,14.44999981
10/23/2015,14.46000004
10/26/2015,15.28999996
10/27/2015,15.43000031
10/28/2015,14.32999992
10/29/2015,14.60999966
10/30/2015,15.06999969
11/2/2015,14.14999962
11/3/2015,14.53999996
11/4/2015,15.51000023
11/5/2015,15.05000019
11/6/2015,14.32999992
11/9/2015,16.52000046
11/10/2015,15.28999996
11/12/2015,18.37000084
11/13/2015,20.07999992
11/16/2015,18.15999985
11/17/2015,18.84000015
11/18/2015,16.85000038
11/19/2015,16.98999977
11/20/2015,15.47000027
11/23/2015,15.61999989
11/24/2015,15.93000031
11/25/2015,15.18999958
11/27/2015,15.11999989
11/30/2015,16.12999916
12/1/2015,14.67000008
12/2/2015,15.90999985
12/3/2015,18.11000061
12/4/2015,14.81000042
12/7/2015,15.84000015
12/8/2015,17.60000038
12/9/2015,19.61000061
12/10/2015,19.34000015
12/11/2015,24.38999939
12/14/2015,22.72999954
12/15/2015,20.95000076
12/16/2015,17.86000061
12/17/2015,18.94000053
12/18/2015,20.70000076
12/21/2015,18.70000076
12/22/2015,16.60000038
12/23/2015,15.56999969
12/24/2015,15.73999977
12/28/2015,16.90999985
12/29/2015,16.07999992
12/30/2015,17.29000092
12/31/2015,18.20999908
1/4/2016,20.70000076
1/5/2016,19.34000015
1/6/2016,20.59000015
1/7/2016,24.98999977
1/8/2016,27.01000023
1/11/2016,24.29999924
1/12/2016,22.46999931
1/13/2016,25.21999931
1/14/2016,23.95000076
1/15/2016,27.02000046
1/19/2016,26.04999924
1/20/2016,27.59000015
1/21/2016,26.69000053
1/22/2016,22.34000015
1/25/2016,24.14999962
1/26/2016,22.5
1/27/2016,23.11000061
1/28/2016,22.42000008
1/29/2016,20.20000076
2/1/2016,19.97999954
2/2/2016,21.97999954
2/3/2016,21.64999962
2/4/2016,21.84000015
2/5/2016,23.37999916
2/8/2016,26
2/9/2016,26.54000092
2/10/2016,26.29000092
2/11/2016,28.13999939
2/12/2016,25.39999962
2/16/2016,24.11000061
2/17/2016,22.30999947
2/18/2016,21.63999939
2/19/2016,20.53000069
2/22/2016,19.37999916
2/23/2016,20.97999954
2/24/2016,20.71999931
2/25/2016,19.11000061
2/26/2016,19.80999947
2/29/2016,20.54999924
3/1/2016,17.70000076
3/2/2016,17.09000015
3/3/2016,16.70000076
3/4/2016,16.86000061
3/7/2016,17.35000038
3/8/2016,18.67000008
3/9/2016,18.34000015
3/10/2016,18.04999924
3/11/2016,16.5
3/14/2016,16.92000008
3/15/2016,16.84000015
3/16/2016,14.98999977
3/17/2016,14.43999958
3/18/2016,14.02000046
3/21/2016,13.78999996
3/22/2016,14.17000008
3/23/2016,14.93999958
3/24/2016,14.73999977
3/28/2016,15.23999977
3/29/2016,13.81999969
3/30/2016,13.56000042
3/31/2016,13.94999981
4/1/2016,13.10000038
4/4/2016,14.11999989
4/5/2016,15.42000008
4/6/2016,14.09000015
4/7/2016,16.15999985
4/8/2016,15.35999966
4/11/2016,16.26000023
4/12/2016,14.85000038
4/13/2016,13.84000015
4/14/2016,13.72000027
4/15/2016,13.61999989
4/18/2016,13.35000038
4/19/2016,13.23999977
4/20/2016,13.27999973
4/21/2016,13.94999981
4/22/2016,13.22000027
4/25/2016,14.07999992
4/26/2016,13.96000004
4/27/2016,13.77000046
4/28/2016,15.22000027
4/29/2016,15.69999981
5/2/2016,14.68000031
5/3/2016,15.60000038
5/4/2016,16.04999924
5/5/2016,15.90999985
5/6/2016,14.72000027
5/9/2016,14.56999969
5/10/2016,13.63000011
5/11/2016,14.68999958
5/12/2016,14.40999985
5/13/2016,15.03999996
5/16/2016,14.68000031
5/17/2016,15.56999969
5/18/2016,15.94999981
5/19/2016,16.32999992
5/20/2016,15.19999981
5/23/2016,15.81999969
5/24/2016,14.42000008
5/25/2016,13.89999962
5/26/2016,13.43000031
5/27/2016,13.11999989
5/31/2016,14.18999958
6/1/2016,14.19999981
6/2/2016,13.63000011
6/3/2016,13.47000027
6/6/2016,13.64999962
6/7/2016,14.05000019
6/8/2016,14.07999992
6/9/2016,14.64000034
6/10/2016,17.03000069
6/13/2016,20.96999931
6/14/2016,20.5
6/15/2016,20.13999939
6/16/2016,19.37000084
6/17/2016,19.40999985
6/20/2016,18.37000084
6/21/2016,18.47999954
6/22/2016,21.17000008
6/23/2016,17.25
6/24/2016,25.76000023
6/27/2016,23.85000038
6/28/2016,18.75
6/29/2016,16.63999939
6/30/2016,15.63000011
7/1/2016,14.77000046
7/5/2016,15.57999992
7/6/2016,14.96000004
7/7/2016,14.76000023
7/8/2016,13.19999981
7/11/2016,13.53999996
7/12/2016,13.55000019
7/13/2016,13.03999996
7/14/2016,12.81999969
7/15/2016,12.67000008
7/18/2016,12.43999958
7/19/2016,11.97000027
7/20/2016,11.77000046
7/21/2016,12.73999977
7/22/2016,12.02000046
7/25/2016,12.86999989
7/26/2016,13.05000019
7/27/2016,12.82999992
7/28/2016,12.72000027
7/29/2016,11.86999989
8/1/2016,12.43999958
8/2/2016,13.36999989
8/3/2016,12.85999966
8/4/2016,12.42000008
8/5/2016,11.39000034
8/8/2016,11.5
8/9/2016,11.65999985
8/10/2016,12.05000019
8/11/2016,11.68000031
8/12/2016,11.55000019
8/15/2016,11.81000042
8/16/2016,12.64000034
8/17/2016,12.18999958
8/18/2016,11.43000031
8/19/2016,11.34000015
8/22/2016,12.27000046
8/23/2016,12.38000011
8/24/2016,13.44999981
8/25/2016,13.63000011
8/26/2016,13.64999962
8/29/2016,12.93999958
8/30/2016,13.11999989
8/31/2016,13.42000008
9/1/2016,13.47999954
9/2/2016,11.97999954
9/6/2016,12.02000046
9/7/2016,11.93999958
9/8/2016,12.51000023
9/9/2016,17.5
9/12/2016,15.15999985
9/13/2016,17.85000038
9/14/2016,18.13999939
9/15/2016,16.29999924
9/16/2016,15.36999989
9/19/2016,15.52999973
9/20/2016,15.92000008
9/21/2016,13.30000019
9/22/2016,12.02000046
9/23/2016,12.28999996
9/26/2016,14.5
9/27/2016,13.10000038
9/28/2016,12.39000034
9/29/2016,14.02000046
9/30/2016,13.28999996
10/3/2016,13.56999969
10/4/2016,13.63000011
10/5/2016,12.98999977
10/6/2016,12.84000015
10/7/2016,13.47999954
10/11/2016,15.35999966
10/12/2016,15.90999985
10/13/2016,16.69000053
10/14/2016,16.12000084
10/17/2016,16.20999908
10/18/2016,15.27999973
10/19/2016,14.40999985
10/20/2016,13.75
10/21/2016,13.34000015
10/24/2016,13.02000046
10/25/2016,13.46000004
10/26/2016,14.23999977
10/27/2016,15.35999966
10/28/2016,16.19000053
10/31/2016,17.05999947
11/1/2016,18.55999947
11/2/2016,19.31999969
11/3/2016,22.07999992
11/4/2016,22.51000023
11/7/2016,18.70999908
11/8/2016,18.73999977
11/9/2016,14.38000011
11/10/2016,14.73999977
11/14/2016,14.47999954
11/15/2016,13.36999989
11/16/2016,13.72000027
11/17/2016,13.35000038
11/18/2016,12.85000038
11/21/2016,12.42000008
11/22/2016,12.40999985
11/23/2016,12.43000031
11/25/2016,12.34000015
11/28/2016,13.14999962
11/29/2016,12.89999962
11/30/2016,13.32999992
12/1/2016,14.06999969
12/2/2016,14.11999989
12/5/2016,12.14000034
12/6/2016,11.78999996
12/7/2016,12.22000027
12/8/2016,12.64000034
12/9/2016,11.75
12/12/2016,12.64000034
12/13/2016,12.72000027
12/14/2016,13.18999958
12/15/2016,12.78999996
12/16/2016,12.19999981
12/19/2016,11.71000004
12/20/2016,11.44999981
12/21/2016,11.27000046
12/22/2016,11.43000031
12/23/2016,11.43999958
12/27/2016,11.98999977
12/28/2016,12.94999981
12/29/2016,13.36999989
12/30/2016,14.03999996
1/3/2017,12.85000038
1/4/2017,11.85000038
1/5/2017,11.67000008
1/6/2017,11.31999969
1/9/2017,11.56000042
1/10/2017,11.48999977
1/11/2017,11.26000023
1/12/2017,11.53999996
1/13/2017,11.22999954
1/17/2017,11.86999989
1/18/2017,12.47999954
1/19/2017,12.77999973
1/20/2017,11.53999996
1/23/2017,11.77000046
1/24/2017,11.06999969
1/25/2017,10.81000042
1/26/2017,10.63000011
1/27/2017,10.57999992
1/30/2017,11.88000011
1/31/2017,11.98999977
2/1/2017,11.81000042
2/2/2017,11.93000031
2/3/2017,10.97000027
2/6/2017,11.36999989
2/7/2017,11.28999996
2/8/2017,11.44999981
2/9/2017,10.88000011
2/10/2017,10.85000038
2/13/2017,11.06999969
2/14/2017,10.73999977
2/15/2017,11.97000027
2/16/2017,11.76000023
2/17/2017,11.48999977
2/21/2017,11.56999969
2/22/2017,11.73999977
2/23/2017,11.71000004
2/24/2017,11.47000027
2/27/2017,12.09000015
2/28/2017,12.92000008
3/1/2017,12.53999996
3/2/2017,11.81000042
3/3/2017,10.96000004
3/6/2017,11.23999977
3/7/2017,11.44999981
3/8/2017,11.85999966
3/9/2017,12.30000019
3/10/2017,11.65999985
3/13/2017,11.35000038
3/14/2017,12.30000019
3/15/2017,11.63000011
3/16/2017,11.21000004
3/17/2017,11.27999973
3/20/2017,11.34000015
3/21/2017,12.47000027
3/22/2017,12.81000042
3/23/2017,13.11999989
3/24/2017,12.96000004
3/27/2017,12.5
3/28/2017,11.52999973
3/29/2017,11.42000008
3/30/2017,11.53999996
3/31/2017,12.36999989
4/3/2017,12.38000011
4/4/2017,11.78999996
4/5/2017,12.89000034
4/6/2017,12.39000034
4/7/2017,12.86999989
4/10/2017,14.05000019
4/11/2017,15.06999969
4/12/2017,15.77000046
4/13/2017,15.96000004
4/17/2017,14.65999985
4/18/2017,14.42000008
4/19/2017,14.93000031
4/20/2017,14.14999962
4/21/2017,14.63000011
4/24/2017,10.84000015
4/25/2017,10.76000023
4/26/2017,10.85000038
4/27/2017,10.35999966
4/28/2017,10.81999969
5/1/2017,10.10999966
5/2/2017,10.59000015
5/3/2017,10.68000031
5/4/2017,10.46000004
5/5/2017,10.56999969
5/8/2017,9.770000458
5/9/2017,9.960000038
5/10/2017,10.21000004
5/11/2017,10.60000038
5/12/2017,10.39999962
5/15/2017,10.42000008
5/16/2017,10.64999962
5/17/2017,15.59000015
5/18/2017,14.65999985
5/19/2017,12.03999996
5/22/2017,10.93000031
5/23/2017,10.72000027
5/24/2017,10.02000046
5/25/2017,9.989999771
5/26/2017,9.81000042
5/30/2017,10.38000011
5/31/2017,10.40999985
6/1/2017,9.890000343
6/2/2017,9.75
6/5/2017,10.06999969
6/6/2017,10.44999981
6/7/2017,10.39000034
6/8/2017,10.15999985
6/9/2017,10.69999981
6/12/2017,11.46000004
6/13/2017,10.42000008
6/14/2017,10.64000034
6/15/2017,10.89999962
6/16/2017,10.38000011
6/19/2017,10.36999989
6/20/2017,10.85999966
6/21/2017,10.75
6/22/2017,10.47999954
6/23/2017,10.02000046
6/26/2017,9.899999619
6/27/2017,11.06000042
6/28/2017,10.02999973
6/29/2017,11.43999958
6/30/2017,11.18000031
7/3/2017,11.22000027
7/5/2017,11.06999969
7/6/2017,12.53999996
7/7/2017,11.18999958
7/10/2017,11.10999966
7/11/2017,10.89000034
7/12/2017,10.30000019
7/13/2017,9.899999619
7/14/2017,9.510000229
7/17/2017,9.819999695
7/18/2017,9.890000343
7/19/2017,9.789999962
7/20/2017,9.579999924
7/21/2017,9.359999657
7/24/2017,9.430000305
7/25/2017,9.430000305
7/26/2017,9.600000381
7/27/2017,10.10999966
7/28/2017,10.28999996
7/31/2017,10.26000023
8/1/2017,10.09000015
8/2/2017,10.27999973
8/3/2017,10.43999958
8/4/2017,10.02999973
8/7/2017,9.930000305
8/8/2017,10.96000004
8/9/2017,11.10999966
8/10/2017,16.04000092
8/11/2017,15.51000023
8/14/2017,12.32999992
8/15/2017,12.03999996
8/16/2017,11.73999977
8/17/2017,15.55000019
8/18/2017,14.26000023
8/21/2017,13.18999958
8/22/2017,11.35000038
8/23/2017,12.25
8/24/2017,12.22999954
8/25/2017,11.27999973
8/28/2017,11.31999969
8/29/2017,11.69999981
8/30/2017,11.22000027
8/31/2017,10.59000015
9/1/2017,10.13000011
9/5/2017,12.22999954
9/6/2017,11.63000011
9/7/2017,11.55000019
9/8/2017,12.11999989
9/11/2017,10.72999954
9/12/2017,10.57999992
9/13/2017,10.5
9/14/2017,10.43999958
9/15/2017,10.17000008
9/18/2017,10.14999962
9/19/2017,10.18000031
9/20/2017,9.779999733
9/21/2017,9.670000076
9/22/2017,9.590000153
9/25/2017,10.21000004
9/26/2017,10.17000008
9/27/2017,9.869999886
9/28/2017,9.550000191
9/29/2017,9.510000229
10/2/2017,9.449999809
10/3/2017,9.510000229
10/4/2017,9.630000114
10/5/2017,9.18999958
10/6/2017,9.649999619
10/10/2017,10.07999992
10/11/2017,9.850000381
10/12/2017,9.909999847
10/13/2017,9.609999657
10/16/2017,9.909999847
10/17/2017,10.31000042
10/18/2017,10.06999969
10/19/2017,10.05000019
10/20/2017,9.970000267
10/23/2017,11.06999969
10/24/2017,11.15999985
10/25/2017,11.22999954
10/26/2017,11.30000019
10/27/2017,9.800000191
10/30/2017,10.5
10/31/2017,10.18000031
11/1/2017,10.19999981
11/2/2017,9.930000305
11/3/2017,9.140000343
11/6/2017,9.399999619
11/7/2017,9.890000343
11/8/2017,9.779999733
11/9/2017,10.5
11/10/2017,11.28999996
11/13/2017,11.5
11/14/2017,11.59000015
11/15/2017,13.13000011
11/16/2017,11.76000023
11/17/2017,11.43000031
11/20/2017,10.64999962
11/21/2017,9.729999542
11/22/2017,9.880000114
11/24/2017,9.670000076
11/27/2017,9.869999886
11/28/2017,10.02999973
11/29/2017,10.69999981
11/30/2017,11.27999973
12/1/2017,11.43000031
12/4/2017,11.68000031
12/5/2017,11.32999992
12/6/2017,11.02000046
12/7/2017,10.15999985
12/8/2017,9.579999924
12/11/2017,9.340000153
12/12/2017,9.920000076
12/13/2017,10.18000031
12/14/2017,10.48999977
12/15/2017,9.420000076
12/18/2017,9.529999733
12/19/2017,10.02999973
12/20/2017,9.720000267
12/21/2017,9.619999886
12/22/2017,9.899999619
12/26/2017,10.25
12/27/2017,10.47000027
12/28/2017,10.18000031
12/29/2017,11.03999996
1/2/2018,9.770000458
1/3/2018,9.149999619
1/4/2018,9.220000267
1/5/2018,9.220000267
1/8/2018,9.520000458
1/9/2018,10.07999992
1/10/2018,9.819999695
1/11/2018,9.880000114
1/12/2018,10.15999985
1/16/2018,11.65999985
1/17/2018,11.90999985
1/18/2018,12.22000027
1/19/2018,11.27000046
1/22/2018,11.02999973
1/23/2018,11.10000038
1/24/2018,11.47000027
1/25/2018,11.57999992
1/26/2018,11.07999992
1/29/2018,13.84000015
1/30/2018,14.78999996
1/31/2018,13.53999996
2/1/2018,13.47000027
2/2/2018,17.30999947
2/5/2018,37.31999969
2/6/2018,29.97999954
2/7/2018,27.72999954
2/8/2018,33.45999908
2/9/2018,29.05999947
2/12/2018,25.61000061
2/13/2018,24.96999931
2/14/2018,19.26000023
2/15/2018,19.12999916
2/16/2018,19.45999908
2/20/2018,20.60000038
2/21/2018,20.02000046
2/22/2018,18.71999931
2/23/2018,16.48999977
2/26/2018,15.80000019
2/27/2018,18.59000015
2/28/2018,19.85000038
3/1/2018,22.46999931
3/2/2018,19.59000015
3/5/2018,18.72999954
3/6/2018,18.36000061
3/7/2018,17.76000023
3/8/2018,16.54000092
3/9/2018,14.64000034
3/12/2018,15.77999973
3/13/2018,16.35000038
3/14/2018,17.22999954
3/15/2018,16.59000015
3/16/2018,15.80000019
3/19/2018,19.02000046
3/20/2018,18.20000076
3/21/2018,17.86000061
3/22/2018,23.34000015
3/23/2018,24.87000084
3/26/2018,21.03000069
3/27/2018,22.5
3/28/2018,22.87000084
3/29/2018,19.96999931
4/2/2018,23.62000084
4/3/2018,21.10000038
4/4/2018,20.05999947
4/5/2018,18.94000053
4/6/2018,21.48999977
4/9/2018,21.77000046
4/10/2018,20.46999931
4/11/2018,20.23999977
4/12/2018,18.48999977
4/13/2018,17.40999985
4/16/2018,16.55999947
4/17/2018,15.25
4/18/2018,15.60000038
4/19/2018,15.96000004
4/20/2018,16.87999916
4/23/2018,16.34000015
4/24/2018,18.02000046
4/25/2018,17.84000015
4/26/2018,16.23999977
4/27/2018,15.40999985
4/30/2018,15.93000031
5/1/2018,15.48999977
5/2/2018,15.97000027
5/3/2018,15.89999962
5/4/2018,14.77000046
5/7/2018,14.75
5/8/2018,14.71000004
5/9/2018,13.42000008
5/10/2018,13.22999954
5/11/2018,12.64999962
5/14/2018,12.93000031
5/15/2018,14.63000011
5/16/2018,13.42000008
5/17/2018,13.43000031
5/18/2018,13.42000008
5/21/2018,13.07999992
5/22/2018,13.22000027
5/23/2018,12.57999992
5/24/2018,12.52999973
5/25/2018,13.22000027
5/29/2018,17.02000046
5/30/2018,14.93999958
5/31/2018,15.43000031
6/1/2018,13.46000004
6/4/2018,12.73999977
6/5/2018,12.39999962
6/6/2018,11.64000034
6/7/2018,12.13000011
6/8/2018,12.18000031
6/11/2018,12.35000038
6/12/2018,12.34000015
6/13/2018,12.93999958
6/14/2018,12.11999989
6/15/2018,11.97999954
6/18/2018,12.31000042
6/19/2018,13.35000038
6/20/2018,12.78999996
6/21/2018,14.64000034
6/22/2018,13.77000046
6/25/2018,17.32999992
6/26/2018,15.92000008
6/27/2018,17.90999985
6/28/2018,16.85000038
6/29/2018,16.09000015
7/2/2018,15.60000038
7/3/2018,16.13999939
7/5/2018,14.97000027
7/6/2018,13.36999989
7/9/2018,12.68999958
7/10/2018,12.64000034
7/11/2018,13.63000011
7/12/2018,12.57999992
7/13/2018,12.18000031
7/16/2018,12.82999992
7/17/2018,12.06000042
7/18/2018,12.10000038
7/19/2018,12.86999989
7/20/2018,12.85999966
7/23/2018,12.61999989
7/24/2018,12.40999985
7/25/2018,12.28999996
7/26/2018,12.14000034
7/27/2018,13.02999973
7/30/2018,14.26000023
7/31/2018,12.82999992
8/1/2018,13.14999962
8/2/2018,12.18999958
8/3/2018,11.64000034
8/6/2018,11.27000046
8/7/2018,10.93000031
8/8/2018,10.85000038
8/9/2018,11.27000046
8/10/2018,13.15999985
8/13/2018,14.77999973
8/14/2018,13.31000042
8/15/2018,14.64000034
8/16/2018,13.44999981
8/17/2018,12.64000034
8/20/2018,12.48999977
8/21/2018,12.85999966
8/22/2018,12.25
8/23/2018,12.40999985
8/24/2018,11.98999977
8/27/2018,12.15999985
8/28/2018,12.5
8/29/2018,12.25
8/30/2018,13.52999973
8/31/2018,12.85999966
9/4/2018,13.15999985
9/5/2018,13.90999985
9/6/2018,14.64999962
9/7/2018,14.88000011
9/10/2018,14.15999985
9/11/2018,13.22000027
9/12/2018,13.14000034
9/13/2018,12.36999989
9/14/2018,12.06999969
9/17/2018,13.68000031
9/18/2018,12.78999996
9/19/2018,11.75
9/20/2018,11.80000019
9/21/2018,11.68000031
9/24/2018,12.19999981
9/25/2018,12.42000008
9/26/2018,12.89000034
9/27/2018,12.40999985
9/28/2018,12.11999989
10/1/2018,12
10/2/2018,12.05000019
10/3/2018,11.60999966
10/4/2018,14.22000027
10/5/2018,14.81999969
10/9/2018,15.94999981
10/10/2018,22.95999908
10/11/2018,24.97999954
10/12/2018,21.30999947
10/15/2018,21.29999924
10/16/2018,17.62000084
10/17/2018,17.39999962
10/18/2018,20.05999947
10/19/2018,19.88999939
10/22/2018,19.63999939
10/23/2018,20.70999908
10/24/2018,25.22999954
10/25/2018,24.21999931
10/26/2018,24.15999985
10/29/2018,24.70000076
10/30/2018,23.35000038
10/31/2018,21.22999954
11/1/2018,19.34000015
11/2/2018,19.51000023
11/5/2018,19.95999908
11/6/2018,19.90999985
11/7/2018,16.36000061
11/8/2018,16.71999931
11/9/2018,17.36000061
11/13/2018,20.02000046
11/14/2018,21.25
11/15/2018,19.97999954
11/16/2018,18.13999939
11/19/2018,20.10000038
11/20/2018,22.47999954
11/21/2018,20.79999924
11/23/2018,21.52000046
11/26/2018,18.89999962
11/27/2018,19.02000046
11/28/2018,18.48999977
11/29/2018,18.79000092
11/30/2018,18.06999969
12/3/2018,16.44000053
12/4/2018,20.73999977
12/6/2018,21.19000053
12/7/2018,23.22999954
12/10/2018,22.63999939
12/11/2018,21.76000023
12/12/2018,21.45999908
12/13/2018,20.64999962
12/14/2018,21.62999916
12/17/2018,24.52000046
12/18/2018,25.57999992
12/19/2018,25.57999992
12/20/2018,28.37999916
12/21/2018,30.11000061
12/24/2018,36.06999969
12/26/2018,30.40999985
12/27/2018,29.95999908
12/28/2018,28.34000015
12/31/2018,25.42000008
1/2/2019,23.21999931
1/3/2019,25.45000076
1/4/2019,21.37999916
1/7/2019,21.39999962
1/8/2019,20.46999931
1/9/2019,19.97999954
1/10/2019,19.5
1/11/2019,18.19000053
1/14/2019,19.06999969
1/15/2019,18.60000038
1/16/2019,19.04000092
1/17/2019,18.05999947
1/18/2019,17.79999924
1/22/2019,20.79999924
1/23/2019,19.52000046
1/24/2019,18.88999939
1/25/2019,17.42000008
1/28/2019,18.87000084
1/29/2019,19.12999916
1/30/2019,17.65999985
1/31/2019,16.56999969
2/1/2019,16.13999939
2/4/2019,15.72999954
2/5/2019,15.56999969
2/6/2019,15.38000011
2/7/2019,16.37000084
2/8/2019,15.72000027
2/11/2019,15.97000027
2/12/2019,15.43000031
2/13/2019,15.64999962
2/14/2019,16.21999931
2/15/2019,14.90999985
2/19/2019,14.88000011
2/20/2019,14.02000046
2/21/2019,14.46000004
2/22/2019,13.51000023
2/25/2019,14.85000038
2/26/2019,15.17000008
2/27/2019,14.69999981
2/28/2019,14.77999973
3/1/2019,13.56999969
3/4/2019,14.63000011
3/5/2019,14.73999977
3/6/2019,15.73999977
3/7/2019,16.59000015
3/8/2019,16.04999924
3/11/2019,14.32999992
3/12/2019,13.77000046
3/13/2019,13.40999985
3/14/2019,13.5
3/15/2019,12.88000011
3/18/2019,13.10000038
3/19/2019,13.56000042
3/20/2019,13.90999985
3/21/2019,13.63000011
3/22/2019,16.47999954
3/25/2019,16.32999992
3/26/2019,14.68000031
3/27/2019,15.14999962
3/28/2019,14.43000031
3/29/2019,13.71000004
4/1/2019,13.39999962
4/2/2019,13.35999966
4/3/2019,13.73999977
4/4/2019,13.57999992
4/5/2019,12.81999969
4/8/2019,13.18000031
4/9/2019,14.27999973
4/10/2019,13.30000019
4/11/2019,13.02000046
4/12/2019,12.01000023
4/15/2019,12.31999969
4/16/2019,12.18000031
4/17/2019,12.60000038
4/18/2019,12.09000015
4/22/2019,12.42000008
4/23/2019,12.27999973
4/24/2019,13.14000034
4/25/2019,13.25
4/26/2019,12.72999954
4/29/2019,13.10999966
4/30/2019,13.11999989
5/1/2019,14.80000019
5/2/2019,14.42000008
5/3/2019,12.86999989
5/6/2019,15.43999958
5/7/2019,19.31999969
5/8/2019,19.39999962
5/9/2019,19.10000038
5/10/2019,16.04000092
5/13/2019,20.54999924
5/14/2019,18.05999947
5/15/2019,16.44000053
5/16/2019,15.28999996
5/17/2019,15.96000004
5/20/2019,16.30999947
5/21/2019,14.94999981
5/22/2019,14.75
5/23/2019,16.92000008
5/24/2019,15.85000038
5/28/2019,17.5
5/29/2019,17.89999962
5/30/2019,17.29999924
5/31/2019,18.70999908
6/3/2019,18.86000061
6/4/2019,16.96999931
6/5/2019,16.09000015
6/6/2019,15.93000031
6/7/2019,16.29999924
6/10/2019,15.93999958
6/11/2019,15.98999977
6/12/2019,15.90999985
6/13/2019,15.81999969
6/14/2019,15.27999973
6/17/2019,15.35000038
6/18/2019,15.14999962
6/19/2019,14.32999992
6/20/2019,14.75
6/21/2019,15.39999962
6/24/2019,15.26000023
6/25/2019,16.28000069
6/26/2019,16.20999908
6/27/2019,15.81999969
6/28/2019,15.07999992
7/1/2019,14.06000042
7/2/2019,12.93000031
7/3/2019,12.56999969
7/5/2019,13.27999973
7/8/2019,13.96000004
7/9/2019,14.09000015
7/10/2019,13.02999973
7/11/2019,12.93000031
7/12/2019,12.39000034
7/15/2019,12.68000031
7/16/2019,12.85999966
7/17/2019,13.97000027
7/18/2019,13.52999973
7/19/2019,14.44999981
7/22/2019,13.52999973
7/23/2019,12.60999966
7/24/2019,12.06999969
7/25/2019,12.73999977
7/26/2019,12.15999985
7/29/2019,12.82999992
7/30/2019,13.93999958
7/31/2019,16.12000084
8/1/2019,17.87000084
8/2/2019,17.61000061
8/5/2019,24.59000015
8/6/2019,20.17000008
8/7/2019,19.48999977
8/8/2019,16.90999985
8/9/2019,17.96999931
8/12/2019,21.09000015
8/13/2019,17.52000046
8/14/2019,22.10000038
8/15/2019,21.18000031
8/16/2019,18.46999931
8/19/2019,16.87999916
8/20/2019,17.5
8/21/2019,15.80000019
8/22/2019,16.68000031
8/23/2019,19.87000084
8/26/2019,19.31999969
8/27/2019,20.30999947
8/28/2019,19.35000038
8/29/2019,17.87999916
8/30/2019,18.97999954
9/3/2019,19.65999985
9/4/2019,17.32999992
9/5/2019,16.27000046
9/6/2019,15
9/9/2019,15.27000046
9/10/2019,15.19999981
9/11/2019,14.60999966
9/12/2019,14.22000027
9/13/2019,13.73999977
9/16/2019,14.67000008
9/17/2019,14.43999958
9/18/2019,13.94999981
9/19/2019,14.05000019
9/20/2019,15.31999969
9/23/2019,14.90999985
9/24/2019,17.04999924
9/25/2019,15.96000004
9/26/2019,16.06999969
9/27/2019,17.21999931
9/30/2019,16.23999977
10/1/2019,18.55999947
10/2/2019,20.55999947
10/3/2019,19.12000084
10/4/2019,17.04000092
10/7/2019,17.86000061
10/8/2019,20.28000069
10/9/2019,18.63999939
10/10/2019,17.56999969
10/11/2019,15.57999992
10/15/2019,13.53999996
10/16/2019,13.68000031
10/17/2019,13.78999996
10/18/2019,14.25
10/21/2019,14
10/22/2019,14.46000004
10/23/2019,14.01000023
10/24/2019,13.71000004
10/25/2019,12.64999962
10/28/2019,13.10999966
10/29/2019,13.19999981
10/30/2019,12.32999992
10/31/2019,13.22000027
11/1/2019,12.30000019
11/4/2019,12.82999992
11/5/2019,13.10000038
11/6/2019,12.61999989
11/7/2019,12.72999954
11/8/2019,12.06999969
11/12/2019,12.68000031
11/13/2019,13
11/14/2019,13.05000019
11/15/2019,12.05000019
11/18/2019,12.46000004
11/19/2019,12.85999966
11/20/2019,12.77999973
11/21/2019,13.13000011
11/22/2019,12.34000015
11/25/2019,11.86999989
11/26/2019,11.53999996
11/27/2019,11.75
11/29/2019,12.61999989
12/2/2019,14.90999985
12/3/2019,15.96000004
12/4/2019,14.80000019
12/5/2019,14.52000046
12/6/2019,13.61999989
12/9/2019,15.85999966
12/10/2019,15.68000031
12/11/2019,14.98999977
12/12/2019,13.93999958
12/13/2019,12.63000011
12/16/2019,12.14000034
12/17/2019,12.28999996
12/18/2019,12.57999992
12/19/2019,12.5
12/20/2019,12.51000023
12/23/2019,12.60999966
12/24/2019,12.67000008
12/26/2019,12.64999962
12/27/2019,13.43000031
12/30/2019,14.81999969
12/31/2019,13.77999973
1/2/2020,12.47000027
1/3/2020,14.02000046
1/6/2020,13.85000038
1/7/2020,13.78999996
1/8/2020,13.44999981
1/9/2020,12.53999996
1/10/2020,12.56000042
1/13/2020,12.31999969
1/14/2020,12.39000034
1/15/2020,12.42000008
1/16/2020,12.31999969
1/17/2020,12.10000038
1/21/2020,12.85000038
1/22/2020,12.90999985
1/23/2020,12.97999954
1/24/2020,14.56000042
1/27/2020,18.22999954
1/28/2020,16.28000069
1/29/2020,16.38999939
1/30/2020,15.48999977
1/31/2020,18.84000015
2/3/2020,17.96999931
2/4/2020,16.04999924
2/5/2020,15.14999962
2/6/2020,14.96000004
2/7/2020,15.47000027
2/10/2020,15.03999996
2/11/2020,15.18000031
2/12/2020,13.73999977
2/13/2020,14.14999962
2/14/2020,13.68000031
2/18/2020,14.82999992
2/19/2020,14.38000011
2/20/2020,15.56000042
2/21/2020,17.07999992
2/24/2020,25.03000069
2/25/2020,27.85000038
2/26/2020,27.55999947
2/27/2020,39.15999985
2/28/2020,40.11000061
3/2/2020,33.41999817
3/3/2020,36.81999969
3/4/2020,31.98999977
3/5/2020,39.61999893
3/6/2020,41.93999863
3/9/2020,54.45999908
3/10/2020,47.29999924
3/11/2020,53.90000153
3/12/2020,75.47000122
3/13/2020,57.83000183
3/16/2020,82.69000244
3/17/2020,75.91000366
3/18/2020,76.44999695
3/19/2020,72
3/20/2020,66.04000092
3/23/2020,61.59000015
3/24/2020,61.66999817
3/25/2020,63.95000076
3/26/2020,61
3/27/2020,65.54000092
3/30/2020,57.08000183
3/31/2020,53.54000092
4/1/2020,57.06000137
4/2/2020,50.90999985
4/3/2020,46.79999924
4/6/2020,45.24000168
4/7/2020,46.70000076
4/8/2020,43.34999847
4/9/2020,41.66999817
4/13/2020,41.16999817
4/14/2020,37.75999832
4/15/2020,40.84000015
4/16/2020,40.11000061
4/17/2020,38.15000153
4/20/2020,43.83000183
4/21/2020,45.40999985
4/22/2020,41.97999954
4/23/2020,41.38000107
4/24/2020,35.93000031
4/27/2020,33.29000092
4/28/2020,33.56999969
4/29/2020,31.22999954
4/30/2020,34.15000153
5/1/2020,37.18999863
5/4/2020,35.97000122
5/5/2020,33.61000061
5/6/2020,34.11999893
5/7/2020,31.44000053
5/8/2020,27.97999954
5/11/2020,27.56999969
5/12/2020,33.04000092
5/13/2020,35.27999878
5/14/2020,32.61000061
5/15/2020,31.88999939
5/18/2020,29.29999924
5/19/2020,30.53000069
5/20/2020,27.98999977
5/21/2020,29.53000069
5/22/2020,28.15999985
5/26/2020,28.01000023
5/27/2020,27.62000084
5/28/2020,28.59000015
5/29/2020,27.51000023
6/1/2020,28.22999954
6/2/2020,26.84000015
6/3/2020,25.65999985
6/4/2020,25.80999947
6/5/2020,24.52000046
6/8/2020,25.80999947
6/9/2020,27.56999969
6/10/2020,27.56999969
6/11/2020,40.79000092
6/12/2020,36.09000015
6/15/2020,34.40000153
6/16/2020,33.66999817
6/17/2020,33.47000122
6/18/2020,32.93999863
6/19/2020,35.11999893
6/22/2020,31.77000046
6/23/2020,31.37000084
6/24/2020,33.84000015
6/25/2020,32.22000122
6/26/2020,34.72999954
6/29/2020,31.78000069
6/30/2020,30.43000031
7/1/2020,28.62000084
7/2/2020,27.68000031
7/6/2020,27.94000053
7/7/2020,29.43000031
7/8/2020,28.07999992
7/9/2020,29.26000023
7/10/2020,27.29000092
7/13/2020,32.18999863
7/14/2020,29.52000046
7/15/2020,27.76000023
7/16/2020,28
7/17/2020,25.68000031
7/20/2020,24.45999908
7/21/2020,24.84000015
7/22/2020,24.31999969
7/23/2020,26.07999992
7/24/2020,25.84000015
7/27/2020,24.73999977
7/28/2020,25.44000053
7/29/2020,24.10000038
7/30/2020,24.76000023
7/31/2020,24.45999908
8/3/2020,24.28000069
8/4/2020,23.76000023
8/5/2020,22.98999977
8/6/2020,22.64999962
8/7/2020,22.20999908
8/10/2020,22.12999916
8/11/2020,24.03000069
8/12/2020,22.28000069
8/13/2020,22.12999916
8/14/2020,22.04999924
8/17/2020,21.35000038
8/18/2020,21.51000023
8/19/2020,22.54000092
8/20/2020,22.71999931
8/21/2020,22.54000092
8/24/2020,22.37000084
8/25/2020,22.03000069
8/26/2020,23.27000046
8/27/2020,24.46999931
8/28/2020,22.95999908
8/31/2020,26.40999985
9/1/2020,26.12000084
9/2/2020,26.56999969
9/3/2020,33.59999847
9/4/2020,30.75
9/8/2020,31.45999908
9/9/2020,28.80999947
9/10/2020,29.70999908
9/11/2020,26.87000084
9/14/2020,25.85000038
9/15/2020,25.59000015
9/16/2020,26.04000092
9/17/2020,26.45999908
9/18/2020,25.82999992
9/21/2020,27.78000069
9/22/2020,26.86000061
9/23/2020,28.57999992
9/24/2020,28.51000023
9/25/2020,26.37999916
9/28/2020,26.19000053
9/29/2020,26.27000046
9/30/2020,26.37000084
10/1/2020,26.70000076
10/2/2020,27.62999916
10/5/2020,27.95999908
10/6/2020,29.47999954
10/7/2020,28.05999947
10/8/2020,26.36000061
10/9/2020,25
10/13/2020,26.06999969
10/14/2020,26.39999962
10/15/2020,26.96999931
10/16/2020,27.40999985
10/19/2020,29.18000031
10/20/2020,29.35000038
10/21/2020,28.64999962
10/22/2020,28.11000061
10/23/2020,27.54999924
10/26/2020,32.45999908
10/27/2020,33.34999847
10/28/2020,40.27999878
10/29/2020,37.59000015
10/30/2020,38.02000046
11/2/2020,37.13000107
11/3/2020,35.54999924
11/4/2020,29.56999969
11/5/2020,27.57999992
11/6/2020,24.86000061
11/9/2020,25.75
11/10/2020,24.79999924
11/12/2020,25.35000038
11/13/2020,23.10000038
11/16/2020,22.45000076
11/17/2020,22.70999908
11/18/2020,23.84000015
11/19/2020,23.11000061
11/20/2020,23.70000076
11/23/2020,22.65999985
11/24/2020,21.63999939
11/25/2020,21.25
11/27/2020,20.84000015
11/30/2020,20.56999969
12/1/2020,20.77000046
12/2/2020,21.17000008
12/3/2020,21.28000069
12/4/2020,20.79000092
12/7/2020,21.29999924
12/8/2020,20.68000031
12/9/2020,22.27000046
12/10/2020,22.52000046
12/11/2020,23.30999947
12/14/2020,24.71999931
12/15/2020,22.88999939
12/16/2020,22.5
12/17/2020,21.93000031
12/18/2020,21.56999969
12/21/2020,25.15999985
12/22/2020,24.22999954
12/23/2020,23.30999947
12/24/2020,21.53000069
12/28/2020,21.70000076
12/29/2020,23.07999992
12/30/2020,22.77000046
12/31/2020,22.75
1/4/2021,26.96999931
1/5/2021,25.34000015
1/6/2021,25.06999969
1/7/2021,22.37000084
1/8/2021,21.55999947
1/11/2021,24.07999992
1/12/2021,23.32999992
1/13/2021,22.20999908
1/14/2021,23.25
1/15/2021,24.34000015
1/19/2021,23.23999977
1/20/2021,21.57999992
1/21/2021,21.31999969
1/22/2021,21.90999985
1/25/2021,23.19000053
1/26/2021,23.02000046
1/27/2021,37.20999908
1/28/2021,30.20999908
1/29/2021,33.09000015
2/1/2021,30.23999977
2/2/2021,25.55999947
2/3/2021,22.90999985
2/4/2021,21.77000046
2/5/2021,20.87000084
2/8/2021,21.23999977
2/9/2021,21.62999916
2/10/2021,21.98999977
2/11/2021,21.25
2/12/2021,19.96999931
2/16/2021,21.45999908
2/17/2021,21.5
2/18/2021,22.48999977
2/19/2021,22.04999924
2/22/2021,23.45000076
2/23/2021,23.11000061
2/24/2021,21.34000015
2/25/2021,28.88999939
2/26/2021,27.95000076
3/1/2021,23.35000038
3/2/2021,24.10000038
3/3/2021,26.67000008
3/4/2021,28.56999969
3/5/2021,24.65999985
3/8/2021,25.46999931
3/9/2021,24.03000069
3/10/2021,22.55999947
3/11/2021,21.90999985
3/12/2021,20.69000053
3/15/2021,20.03000069
3/16/2021,19.79000092
3/17/2021,19.22999954
3/18/2021,21.57999992
3/19/2021,20.95000076
3/22/2021,18.87999916
3/23/2021,20.29999924
3/24/2021,21.20000076
3/25/2021,19.80999947
3/26/2021,18.86000061
3/29/2021,20.73999977
3/30/2021,19.61000061
3/31/2021,19.39999962
4/1/2021,17.32999992
4/5/2021,17.90999985
4/6/2021,18.12000084
4/7/2021,17.15999985
4/8/2021,16.95000076
4/9/2021,16.69000053
4/12/2021,16.90999985
4/13/2021,16.64999962
4/14/2021,16.98999977
4/15/2021,16.56999969
4/16/2021,16.25
4/19/2021,17.29000092
4/20/2021,18.68000031
4/21/2021,17.5
4/22/2021,18.70999908
4/23/2021,17.32999992
4/26/2021,17.63999939
4/27/2021,17.55999947
4/28/2021,17.28000069
4/29/2021,17.61000061
4/30/2021,18.61000061
5/3/2021,18.30999947
5/4/2021,19.47999954
5/5/2021,19.14999962
5/6/2021,18.38999939
5/7/2021,16.69000053
5/10/2021,19.65999985
5/11/2021,21.84000015
5/12/2021,27.59000015
5/13/2021,23.12999916
5/14/2021,18.80999947
5/17/2021,19.71999931
5/18/2021,21.34000015
5/19/2021,22.18000031
5/20/2021,20.67000008
5/21/2021,20.14999962
5/24/2021,18.39999962
5/25/2021,18.84000015
5/26/2021,17.36000061
5/27/2021,16.73999977
5/28/2021,16.76000023
6/1/2021,17.89999962
6/2/2021,17.47999954
6/3/2021,18.04000092
6/4/2021,16.42000008
6/7/2021,16.42000008
6/8/2021,17.06999969
6/9/2021,17.88999939
6/10/2021,16.10000038
6/11/2021,15.64999962
6/14/2021,16.38999939
6/15/2021,17.02000046
6/16/2021,18.14999962
6/17/2021,17.75
6/18/2021,20.70000076
6/21/2021,17.88999939
6/22/2021,16.65999985
6/23/2021,16.31999969
6/24/2021,15.97000027
6/25/2021,15.61999989
6/28/2021,15.76000023
6/29/2021,16.02000046
6/30/2021,15.82999992
7/1/2021,15.47999954
7/2/2021,15.06999969
7/6/2021,16.44000053
7/7/2021,16.20000076
7/8/2021,19
7/9/2021,16.18000031
7/12/2021,16.17000008
7/13/2021,17.12000084
7/14/2021,16.32999992
7/15/2021,17.01000023
7/16/2021,18.45000076
7/19/2021,22.5
7/20/2021,19.72999954
7/21/2021,17.90999985
7/22/2021,17.69000053
7/23/2021,17.20000076
7/26/2021,17.57999992
7/27/2021,19.36000061
7/28/2021,18.30999947
7/29/2021,17.70000076
7/30/2021,18.23999977
8/2/2021,19.45999908
8/3/2021,18.04000092
8/4/2021,17.96999931
8/5/2021,17.28000069
8/6/2021,16.14999962
8/9/2021,16.71999931
8/10/2021,16.79000092
8/11/2021,16.17000008
8/12/2021,15.59000015
8/13/2021,15.44999981
8/16/2021,16.12000084
8/17/2021,17.90999985
8/18/2021,21.56999969
8/19/2021,21.67000008
8/20/2021,18.55999947
8/23/2021,17.14999962
8/24/2021,17.21999931
8/25/2021,16.79000092
8/26/2021,18.84000015
8/27/2021,16.38999939
8/30/2021,16.19000053
8/31/2021,16.47999954
9/1/2021,16.11000061
9/2/2021,16.40999985
9/3/2021,16.40999985
9/7/2021,18.13999939
9/8/2021,17.95999908
9/9/2021,18.79999924
9/10/2021,20.95000076
9/13/2021,19.37000084
9/14/2021,19.45999908
9/15/2021,18.18000031
9/16/2021,18.69000053
9/17/2021,20.80999947
9/20/2021,25.70999908
9/21/2021,24.36000061
9/22/2021,20.87000084
9/23/2021,18.62999916
9/24/2021,17.75
9/27/2021,18.76000023
9/28/2021,23.25
9/29/2021,22.55999947
9/30/2021,23.13999939
10/1/2021,21.10000038
10/4/2021,22.95999908
10/5/2021,21.29999924
10/6/2021,21
10/7/2021,19.54000092
10/8/2021,18.77000046
10/12/2021,19.85000038
10/13/2021,18.63999939
10/14/2021,16.86000061
10/15/2021,16.29999924
10/18/2021,16.30999947
10/19/2021,15.69999981
10/20/2021,15.48999977
10/21/2021,15.01000023
10/22/2021,15.43000031
10/25/2021,15.23999977
10/26/2021,15.97999954
10/27/2021,16.97999954
10/28/2021,16.53000069
10/29/2021,16.26000023
11/1/2021,16.40999985
11/2/2021,16.03000069
11/3/2021,15.10000038
11/4/2021,15.43999958
11/5/2021,16.47999954
11/8/2021,17.21999931
11/9/2021,17.78000069
11/10/2021,18.72999954
11/12/2021,16.29000092
11/15/2021,16.48999977
11/16/2021,16.37000084
11/17/2021,17.11000061
11/18/2021,17.59000015
11/19/2021,17.90999985
11/22/2021,19.17000008
11/23/2021,19.37999916
11/24/2021,18.57999992
11/26/2021,28.62000084
11/29/2021,22.95999908
11/30/2021,27.19000053
12/1/2021,31.12000084
12/2/2021,27.95000076
12/3/2021,30.67000008
12/6/2021,27.18000031
12/7/2021,21.88999939
12/8/2021,19.89999962
12/9/2021,21.57999992
12/10/2021,18.69000053
12/13/2021,20.30999947
12/14/2021,21.88999939
12/15/2021,19.29000092
12/16/2021,20.56999969
12/17/2021,21.56999969
12/20/2021,22.87000084
12/21/2021,21.01000023
12/22/2021,18.62999916
12/23/2021,17.95999908
12/27/2021,17.68000031
12/28/2021,17.54000092
12/29/2021,16.95000076
12/30/2021,17.32999992
12/31/2021,17.21999931
1/3/2022,16.60000038
1/4/2022,16.90999985
1/5/2022,19.72999954
1/6/2022,19.61000061
1/7/2022,18.76000023
1/10/2022,19.39999962
1/11/2022,18.40999985
1/12/2022,17.62000084
1/13/2022,20.30999947
1/14/2022,19.19000053
1/18/2022,22.79000092
1/19/2022,23.85000038
1/20/2022,25.59000015
1/21/2022,28.85000038
1/24/2022,29.89999962
1/25/2022,31.15999985
1/26/2022,31.95999908
1/27/2022,30.48999977
1/28/2022,27.65999985
1/31/2022,24.82999992
2/1/2022,21.95999908
2/2/2022,22.09000015
2/3/2022,24.35000038
2/4/2022,23.21999931
2/7/2022,22.86000061
2/8/2022,21.44000053
2/9/2022,19.95999908
2/10/2022,23.90999985
2/11/2022,27.36000061
2/14/2022,28.32999992
2/15/2022,25.70000076
2/16/2022,24.29000092
2/17/2022,28.11000061
2/18/2022,27.75
2/22/2022,28.80999947
2/23/2022,31.02000046
2/24/2022,30.31999969
2/25/2022,27.59000015
2/28/2022,30.14999962
3/1/2022,33.31999969
3/2/2022,30.73999977
3/3/2022,30.47999954
3/4/2022,31.97999954
3/7/2022,36.45000076
3/8/2022,35.13000107
3/9/2022,32.45000076
3/10/2022,30.22999954
3/11/2022,30.75
3/14/2022,31.77000046
3/15/2022,29.82999992
3/16/2022,26.67000008
3/17/2022,25.67000008
3/18/2022,23.87000084
3/21/2022,23.53000069
3/22/2022,22.94000053
3/23/2022,23.56999969
3/24/2022,21.67000008
3/25/2022,20.80999947
3/28/2022,19.62999916
3/29/2022,18.89999962
3/30/2022,19.32999992
3/31/2022,20.55999947
4/1/2022,19.62999916
4/4/2022,18.56999969
4/5/2022,21.03000069
4/6/2022,22.10000038
4/7/2022,21.54999924
4/8/2022,21.15999985
4/11/2022,24.37000084
4/12/2022,24.26000023
4/13/2022,21.81999969
4/14/2022,22.70000076
4/18/2022,22.17000008
4/19/2022,21.37000084
4/20/2022,20.31999969
4/21/2022,22.68000031
4/22/2022,28.20999908
4/25/2022,27.02000046
4/26/2022,33.52000046
4/27/2022,31.60000038
4/28/2022,29.98999977
4/29/2022,33.40000153
5/2/2022,32.34000015
5/3/2022,29.25
5/4/2022,25.42000008
5/5/2022,31.20000076
5/6/2022,30.19000053
5/9/2022,34.75
5/10/2022,32.99000168
5/11/2022,32.56000137
5/12/2022,31.77000046
5/13/2022,28.87000084
5/16/2022,27.46999931
5/17/2022,26.10000038
5/18/2022,30.95999908
5/19/2022,29.35000038
5/20/2022,29.43000031
5/23/2022,28.47999954
5/24/2022,29.45000076
5/25/2022,28.37000084
5/26/2022,27.5
5/27/2022,25.71999931
5/31/2022,26.19000053
6/1/2022,25.69000053
6/2/2022,24.71999931
6/3/2022,24.79000092
6/6/2022,25.06999969
6/7/2022,24.02000046
6/8/2022,23.95999908
6/9/2022,26.09000015
6/10/2022,27.75
6/13/2022,34.02000046
6/14/2022,32.68999863
6/15/2022,29.62000084
6/16/2022,32.95000076
6/17/2022,31.12999916
6/21/2022,30.19000053
6/22/2022,28.95000076
6/23/2022,29.04999924
6/24/2022,27.22999954
6/27/2022,26.95000076
6/28/2022,28.36000061
6/29/2022,28.15999985
6/30/2022,28.70999908
7/1/2022,26.70000076
7/5/2022,27.54000092
7/6/2022,26.72999954
7/7/2022,26.07999992
7/8/2022,24.63999939
7/11/2022,26.17000008
7/12/2022,27.29000092
7/13/2022,26.81999969
7/14/2022,26.39999962
7/15/2022,24.22999954
